{
	"AlgoMap255BrLevel": {
		"sectionone": [0.006667,1.993],
		"sectiontwo": [0.05034,-194.6],
		"sectionthree": [0.01735250372,31.17005454],
		"sectionkeypoint": [4501,6848]
	},
	"LcmMapAlgoBrLevel": [
		[1,1],
		[2,76],
		[3,226],
		[4,376],
		[5,526],
		[6,676],
		[7,826],
		[8,976],
		[9,1125],
		[10,1275],
		[11,1425],
		[12,1575],
		[13,1725],
		[14,1875],
		[15,2025],
		[16,2175],
		[17,2325],
		[18,2475],
		[19,2625],
		[20,2775],
		[21,2925],
		[22,3075],
		[23,3225],
		[24,3375],
		[25,3525],
		[26,3675],
		[27,3825],
		[28,3975],
		[29,4125],
		[30,4275],
		[31,4425],
		[32,4511],
		[33,4531],
		[34,4551],
		[35,4570],
		[36,4590],
		[37,4610],
		[38,4630],
		[39,4650],
		[40,4670],
		[41,4690],
		[42,4710],
		[43,4729],
		[44,4749],
		[45,4769],
		[46,4789],
		[47,4809],
		[48,4829],
		[49,4849],
		[50,4868],
		[51,4888],
		[52,4908],
		[53,4928],
		[54,4948],
		[55,4968],
		[56,4988],
		[57,5008],
		[58,5027],
		[59,5047],
		[60,5067],
		[61,5087],
		[62,5107],
		[63,5127],
		[64,5147],
		[65,5166],
		[66,5186],
		[67,5206],
		[68,5226],
		[69,5246],
		[70,5266],
		[71,5286],
		[72,5305],
		[73,5325],
		[74,5345],
		[75,5365],
		[76,5385],
		[77,5405],
		[78,5425],
		[79,5445],
		[80,5464],
		[81,5484],
		[82,5504],
		[83,5524],
		[84,5544],
		[85,5564],
		[86,5584],
		[87,5603],
		[88,5623],
		[89,5643],
		[90,5663],
		[91,5683],
		[92,5703],
		[93,5723],
		[94,5743],
		[95,5762],
		[96,5782],
		[97,5802],
		[98,5822],
		[99,5842],
		[100,5862],
		[101,5882],
		[102,5901],
		[103,5921],
		[104,5941],
		[105,5961],
		[106,5981],
		[107,6001],
		[108,6021],
		[109,6040],
		[110,6060],
		[111,6080],
		[112,6100],
		[113,6120],
		[114,6140],
		[115,6160],
		[116,6180],
		[117,6199],
		[118,6219],
		[119,6239],
		[120,6259],
		[121,6279],
		[122,6299],
		[123,6319],
		[124,6338],
		[125,6358],
		[126,6378],
		[127,6398],
		[128,6418],
		[129,6438],
		[130,6458],
		[131,6478],
		[132,6497],
		[133,6517],
		[134,6537],
		[135,6557],
		[136,6577],
		[137,6597],
		[138,6617],
		[139,6636],
		[140,6656],
		[141,6676],
		[142,6696],
		[143,6716],
		[144,6736],
		[145,6756],
		[146,6775],
		[147,6795],
		[148,6815],
		[149,6835],
		[150,6875],
		[151,6934],
		[152,6992],
		[153,7049],
		[154,7107],
		[155,7165],
		[156,7222],
		[157,7280],
		[158,7338],
		[159,7395],
		[160,7453],
		[161,7510],
		[162,7568],
		[163,7626],
		[164,7683],
		[165,7741],
		[166,7799],
		[167,7856],
		[168,7914],
		[169,7971],
		[170,8029],
		[171,8087],
		[172,8144],
		[173,8202],
		[174,8260],
		[175,8317],
		[176,8375],
		[177,8432],
		[178,8490],
		[179,8548],
		[180,8605],
		[181,8663],
		[182,8721],
		[183,8778],
		[184,8836],
		[185,8893],
		[186,8951],
		[187,9009],
		[188,9066],
		[189,9124],
		[190,9182],
		[191,9239],
		[192,9297],
		[193,9355],
		[194,9412],
		[195,9470],
		[196,9527],
		[197,9585],
		[198,9643],
		[199,9700],
		[200,9758],
		[201,9816],
		[202,9873],
		[203,9931],
		[204,9988],
		[205,10046],
		[206,10104],
		[207,10161],
		[208,10219],
		[209,10277],
		[210,10334],
		[211,10392],
		[212,10449],
		[213,10507],
		[214,10565],
		[215,10622],
		[216,10680],
		[217,10738],
		[218,10795],
		[219,10853],
		[220,10910],
		[221,10968],
		[222,11026],
		[223,11083],
		[224,11141],
		[225,11199],
		[226,11256],
		[227,11314],
		[228,11372],
		[229,11429],
		[230,11487],
		[231,11544],
		[232,11602],
		[233,11660],
		[234,11717],
		[235,11775],
		[236,11833],
		[237,11890],
		[238,11948],
		[239,12005],
		[240,12063],
		[241,12121],
		[242,12178],
		[243,12236],
		[244,12294],
		[245,12351],
		[246,12409],
		[247,12466],
		[248,12524],
		[249,12582],
		[250,12639],
		[251,12697],
		[252,12755],
		[253,12812],
		[254,12870],
		[255,12899]
	]
}
