{
	"AlgoMap255BrLevel": {
		"sectionone": [0.006667,1.993],
		"sectiontwo": [0.05034,-194.6],
		"sectionthree": [0.01642935378,37.49178532],
		"sectionkeypoint": [4501,6848]
	},
	"LcmMapAlgoBrLevel": [
		[1,1],
		[2,76],
		[3,226],
		[4,376],
		[5,526],
		[6,676],
		[7,826],
		[8,976],
		[9,1125],
		[10,1275],
		[11,1425],
		[12,1575],
		[13,1725],
		[14,1875],
		[15,2025],
		[16,2175],
		[17,2325],
		[18,2475],
		[19,2625],
		[20,2775],
		[21,2925],
		[22,3075],
		[23,3225],
		[24,3375],
		[25,3525],
		[26,3675],
		[27,3825],
		[28,3975],
		[29,4125],
		[30,4275],
		[31,4425],
		[32,4511],
		[33,4531],
		[34,4551],
		[35,4570],
		[36,4590],
		[37,4610],
		[38,4630],
		[39,4650],
		[40,4670],
		[41,4690],
		[42,4710],
		[43,4729],
		[44,4749],
		[45,4769],
		[46,4789],
		[47,4809],
		[48,4829],
		[49,4849],
		[50,4868],
		[51,4888],
		[52,4908],
		[53,4928],
		[54,4948],
		[55,4968],
		[56,4988],
		[57,5008],
		[58,5027],
		[59,5047],
		[60,5067],
		[61,5087],
		[62,5107],
		[63,5127],
		[64,5147],
		[65,5166],
		[66,5186],
		[67,5206],
		[68,5226],
		[69,5246],
		[70,5266],
		[71,5286],
		[72,5305],
		[73,5325],
		[74,5345],
		[75,5365],
		[76,5385],
		[77,5405],
		[78,5425],
		[79,5445],
		[80,5464],
		[81,5484],
		[82,5504],
		[83,5524],
		[84,5544],
		[85,5564],
		[86,5584],
		[87,5603],
		[88,5623],
		[89,5643],
		[90,5663],
		[91,5683],
		[92,5703],
		[93,5723],
		[94,5743],
		[95,5762],
		[96,5782],
		[97,5802],
		[98,5822],
		[99,5842],
		[100,5862],
		[101,5882],
		[102,5901],
		[103,5921],
		[104,5941],
		[105,5961],
		[106,5981],
		[107,6001],
		[108,6021],
		[109,6040],
		[110,6060],
		[111,6080],
		[112,6100],
		[113,6120],
		[114,6140],
		[115,6160],
		[116,6180],
		[117,6199],
		[118,6219],
		[119,6239],
		[120,6259],
		[121,6279],
		[122,6299],
		[123,6319],
		[124,6338],
		[125,6358],
		[126,6378],
		[127,6398],
		[128,6418],
		[129,6438],
		[130,6458],
		[131,6478],
		[132,6497],
		[133,6517],
		[134,6537],
		[135,6557],
		[136,6577],
		[137,6597],
		[138,6617],
		[139,6636],
		[140,6656],
		[141,6676],
		[142,6696],
		[143,6716],
		[144,6736],
		[145,6756],
		[146,6775],
		[147,6795],
		[148,6815],
		[149,6835],
		[150,6877],
		[151,6939],
		[152,7000],
		[153,7061],
		[154,7122],
		[155,7183],
		[156,7244],
		[157,7304],
		[158,7365],
		[159,7426],
		[160,7487],
		[161,7548],
		[162,7609],
		[163,7670],
		[164,7730],
		[165,7791],
		[166,7852],
		[167,7913],
		[168,7974],
		[169,8035],
		[170,8096],
		[171,8157],
		[172,8217],
		[173,8278],
		[174,8339],
		[175,8400],
		[176,8461],
		[177,8522],
		[178,8583],
		[179,8643],
		[180,8704],
		[181,8765],
		[182,8826],
		[183,8887],
		[184,8948],
		[185,9009],
		[186,9070],
		[187,9130],
		[188,9191],
		[189,9252],
		[190,9313],
		[191,9374],
		[192,9435],
		[193,9496],
		[194,9556],
		[195,9617],
		[196,9678],
		[197,9739],
		[198,9800],
		[199,9861],
		[200,9922],
		[201,9983],
		[202,10043],
		[203,10104],
		[204,10165],
		[205,10226],
		[206,10287],
		[207,10348],
		[208,10409],
		[209,10469],
		[210,10530],
		[211,10591],
		[212,10652],
		[213,10713],
		[214,10774],
		[215,10835],
		[216,10896],
		[217,10956],
		[218,11017],
		[219,11078],
		[220,11139],
		[221,11200],
		[222,11261],
		[223,11322],
		[224,11382],
		[225,11443],
		[226,11504],
		[227,11565],
		[228,11626],
		[229,11687],
		[230,11748],
		[231,11809],
		[232,11869],
		[233,11930],
		[234,11991],
		[235,12052],
		[236,12113],
		[237,12174],
		[238,12235],
		[239,12295],
		[240,12356],
		[241,12417],
		[242,12478],
		[243,12539],
		[244,12600],
		[245,12661],
		[246,12722],
		[247,12782],
		[248,12843],
		[249,12904],
		[250,12965],
		[251,13026],
		[252,13087],
		[253,13148],
		[254,13208],
		[255,13239]
	]
}
