{
	"AlgoMap255BrLevel": {
		"sectionone": [0.006667,1.993],
		"sectiontwo": [0.05034,-194.6],
		"sectionthree": [0.01618122977,39.19093851],
		"sectionkeypoint": [4501,6848]
	},
	"LcmMapAlgoBrLevel": [
		[1,1],
		[2,76],
		[3,226],
		[4,376],
		[5,526],
		[6,676],
		[7,826],
		[8,976],
		[9,1125],
		[10,1275],
		[11,1425],
		[12,1575],
		[13,1725],
		[14,1875],
		[15,2025],
		[16,2175],
		[17,2325],
		[18,2475],
		[19,2625],
		[20,2775],
		[21,2925],
		[22,3075],
		[23,3225],
		[24,3375],
		[25,3525],
		[26,3675],
		[27,3825],
		[28,3975],
		[29,4125],
		[30,4275],
		[31,4425],
		[32,4511],
		[33,4531],
		[34,4551],
		[35,4570],
		[36,4590],
		[37,4610],
		[38,4630],
		[39,4650],
		[40,4670],
		[41,4690],
		[42,4710],
		[43,4729],
		[44,4749],
		[45,4769],
		[46,4789],
		[47,4809],
		[48,4829],
		[49,4849],
		[50,4868],
		[51,4888],
		[52,4908],
		[53,4928],
		[54,4948],
		[55,4968],
		[56,4988],
		[57,5008],
		[58,5027],
		[59,5047],
		[60,5067],
		[61,5087],
		[62,5107],
		[63,5127],
		[64,5147],
		[65,5166],
		[66,5186],
		[67,5206],
		[68,5226],
		[69,5246],
		[70,5266],
		[71,5286],
		[72,5305],
		[73,5325],
		[74,5345],
		[75,5365],
		[76,5385],
		[77,5405],
		[78,5425],
		[79,5445],
		[80,5464],
		[81,5484],
		[82,5504],
		[83,5524],
		[84,5544],
		[85,5564],
		[86,5584],
		[87,5603],
		[88,5623],
		[89,5643],
		[90,5663],
		[91,5683],
		[92,5703],
		[93,5723],
		[94,5743],
		[95,5762],
		[96,5782],
		[97,5802],
		[98,5822],
		[99,5842],
		[100,5862],
		[101,5882],
		[102,5901],
		[103,5921],
		[104,5941],
		[105,5961],
		[106,5981],
		[107,6001],
		[108,6021],
		[109,6040],
		[110,6060],
		[111,6080],
		[112,6100],
		[113,6120],
		[114,6140],
		[115,6160],
		[116,6180],
		[117,6199],
		[118,6219],
		[119,6239],
		[120,6259],
		[121,6279],
		[122,6299],
		[123,6319],
		[124,6338],
		[125,6358],
		[126,6378],
		[127,6398],
		[128,6418],
		[129,6438],
		[130,6458],
		[131,6478],
		[132,6497],
		[133,6517],
		[134,6537],
		[135,6557],
		[136,6577],
		[137,6597],
		[138,6617],
		[139,6636],
		[140,6656],
		[141,6676],
		[142,6696],
		[143,6716],
		[144,6736],
		[145,6756],
		[146,6775],
		[147,6795],
		[148,6815],
		[149,6835],
		[150,6877],
		[151,6940],
		[152,7002],
		[153,7064],
		[154,7126],
		[155,7188],
		[156,7249],
		[157,7311],
		[158,7373],
		[159,7435],
		[160,7497],
		[161,7558],
		[162,7620],
		[163,7682],
		[164,7744],
		[165,7806],
		[166,7867],
		[167,7929],
		[168,7991],
		[169,8053],
		[170,8115],
		[171,8176],
		[172,8238],
		[173,8300],
		[174,8362],
		[175,8424],
		[176,8485],
		[177,8547],
		[178,8609],
		[179,8671],
		[180,8733],
		[181,8794],
		[182,8856],
		[183,8918],
		[184,8980],
		[185,9042],
		[186,9103],
		[187,9165],
		[188,9227],
		[189,9289],
		[190,9351],
		[191,9412],
		[192,9474],
		[193,9536],
		[194,9598],
		[195,9660],
		[196,9721],
		[197,9783],
		[198,9845],
		[199,9907],
		[200,9969],
		[201,10030],
		[202,10092],
		[203,10154],
		[204,10216],
		[205,10278],
		[206,10339],
		[207,10401],
		[208,10463],
		[209,10525],
		[210,10587],
		[211,10648],
		[212,10710],
		[213,10772],
		[214,10834],
		[215,10896],
		[216,10957],
		[217,11019],
		[218,11081],
		[219,11143],
		[220,11205],
		[221,11266],
		[222,11328],
		[223,11390],
		[224,11452],
		[225,11514],
		[226,11575],
		[227,11637],
		[228,11699],
		[229,11761],
		[230,11823],
		[231,11884],
		[232,11946],
		[233,12008],
		[234,12070],
		[235,12132],
		[236,12193],
		[237,12255],
		[238,12317],
		[239,12379],
		[240,12441],
		[241,12502],
		[242,12564],
		[243,12626],
		[244,12688],
		[245,12750],
		[246,12811],
		[247,12873],
		[248,12935],
		[249,12997],
		[250,13059],
		[251,13120],
		[252,13182],
		[253,13244],
		[254,13306],
		[255,13337]
	]
}
