{
	"ramperbrightness": {
		"sectiondown": [
			[-1.336667522,5640.901504],
			[-1.4293125,5948.11225],
			[-2.19828739,7907.46027],
			[-4.986882353,12160.06759],
			[-8.89541901,15994.34205],
			[-7.244273877,14595.82212],
			[-10.24061333,16807.12064],
			[-18.1082623,20843.22456],
			[-19.80138462,21608.51585],
			[-26.52051724,24383.51762],
			[-42.26515789,29059.67589],
			[-105.5882353,45460.35294],
			[-45.74285714,30977.77143],
			[-54.49090909,32788.61818],
			[-75.89655172,36042.27586],
			[-91.92,38013.16],
			[-116.5666667,40428.53333],
			[-150.7272727,42751.45455],
			[-211.6875,45555.625],
			[-274.4166667,47437.5],
			[-385.0769231,49429.38462]
		],
		"section_downpoint": [3316,2548,1525,981,847,738,513,452,413,297,259,242,207,152,123,98,68,46,30,18,5],
		"section_down_min_step": [45,42,28,13,7,9,15,9,8,6,4,2,4,3,2,2,2,2,2,2,2],
		"sectiondowngapminone": 20,
		"sectiondowngapmintwo": 80,
		"sectiondownkeybr": 847,
		"downlcmFlickValue": 2,
		"uptotaltime": 2800,
		"uplimmitcount": 25,
		"section_uppoint": [849,2592],
		"quickupstep": [60,172,159],
		"quickupgap": [20,0,0],
		"quickdownstep": [8,25,26,136],
		"quickdowngap": [40,40,30,20],
		"quick_sectionpoint": [1972,1103,509,6],
		"pemtotaltime": 10000
	}
}
