{
	"ramperbrightness": {
		"sectiondown": [
			[-1.988296489,10352.07412],
			[-3.365313653,14932.03321],
			[-5.363819095,19954.27739],
			[-8.096774194,24102.90323],
			[-9.8,25790.8],
			[-11.40740741,27158.7037],
			[-14.97333333,29808.18667],
			[-19.55555556,32181.77778],
			[-21.1025641,32885.66667],
			[-26.57142857,35160.71429],
			[-37.84090909,38507.75],
			[-52.06896552,41481.41379],
			[-68.46428571,43957.10714],
			[-82.36,45666.28],
			[-114.5666667,48822.53333],
			[-168.1818182,52468.36364],
			[-248.625,56168.75],
			[-458.3333333,62460],
			[-586.75,64771.5]
		],
		"section_downpoint": [3326,2513,1518,991,851,743,518,455,416,297,209,151,123,98,68,46,30,18,10],
		"section_down_min_step": [31,18,12,8,7,6,5,2,2,2,2,2,2,2,2,2,2,2,2],
		"sectiondowngapminone": 20,
		"sectiondowngapmintwo": 80,
		"sectiondownkeybr": 743,
		"downlcmFlickValue": 2,
		"uptotaltime": 2800,
		"uplimmitcount": 25,
		"section_uppoint": [839,2047],
		"quickupstep": [59,172,161],
		"quickupgap": [20,0,0],
		"quickdownstep": [8,25,26,138],
		"quickdowngap": [40,40,30,20],
		"quick_sectionpoint": [1966,1095,502,10],
		"pemtotaltime": 10000,
		"dimgap": 100
	}
}
