{
	"ramperbrightness": {
		"sectiondown": [
			[-1.500380403,6311.305752],
			[-1.359945763,5833.687539],
			[-2.188657426,7918.726083],
			[-5.216079389,12478.02356],
			[-8.655596341,15855.62921],
			[-7.124897963,14557.59698],
			[-10.10175966,16775.35894],
			[-18.60677966,21129.92919],
			[-19.926,21727.536],
			[-26.83055172,24586.02041],
			[-55.11520879,33014.84822],
			[-55.35714286,33064.92857],
			[-81.55555556,37020.88889],
			[-88.11538462,37834.30769],
			[-117,40665],
			[-159.0454545,43524.09091],
			[-237.4375,47130.125],
			[-291.9166667,48764.5],
			[-363.0909091,50045.63636]
		],
		"section_downpoint": [3401,2516,1506,982,848,745,512,453,414,298,207,151,124,98,68,46,30,18,7],
		"section_down_min_step": [40,45,28,12,7,9,15,9,8,6,3,3,2,2,2,2,2,2,2],
		"sectiondowngapminone": 20,
		"sectiondowngapmintwo": 80,
		"sectiondownkeybr": 848,
		"downlcmFlickValue": 2,
		"uptotaltime": 2800,
		"uplimmitcount": 25,
		"section_uppoint": [859,2649],
		"quickupstep": [60,175,162],
		"quickupgap": [20,0,0],
		"quickdownstep": [8,26,26,141],
		"quickdowngap": [40,40,30,20],
		"quick_sectionpoint": [2008,1120,513,8],
		"pemtotaltime": 10000
	}
}
